name;labno;thickness;clay;csilt;fsilt;csand;msand;fsand;vfsand;som;comment
Masotsheni 1;FS51;50;36.98730462;13.0065247;19.10333316;11.57002237;2.422782462;3.213895102;13.69613759;4.8;Topsoil
Masotsheni 2;FS52;220;26.92769262;20.03921311;21.29166393;21.33024119;4.621552259;5.383346587;0.406290308;3.2;Paleosols
Masotsheni 3;FS53;70;56.47385003;10.3463542;20.90825746;0.839079542;0.629309657;3.094105812;7.709043295;1.2;Tansitional layer
Masotsheni 4;FS54;250;24.01934942;15.30436423;14.02900055;35.58019139;5.481831813;5.016393263;0.568869339;0.8;Base layer
